{
    "name": "root",
    "metadata": {
        "timer_format_version": "0.1.0",
        "start_time_seconds": "1602855456",
        "python_version": "3.8.5 (default, Sep  3 2020, 21:29:08) [MSC v.1916 64 bit (AMD64)]",
        "command_line_arguments": "C:\\Users\\benit\\anaconda3\\envs\\ml-agent\\Scripts\\mlagents-learn PaintAgent.yaml --run-id=PA0",
        "mlagents_version": "0.20.0",
        "mlagents_envs_version": "0.20.0",
        "communication_protocol_version": "1.1.0",
        "tensorflow_version": "2.3.1",
        "numpy_version": "1.18.5",
        "end_time_seconds": "1602855669"
    },
    "total": 212.9748095,
    "count": 1,
    "self": 0.014490300000005618,
    "children": {
        "run_training.setup": {
            "total": 0.028788200000000153,
            "count": 1,
            "self": 0.028788200000000153
        },
        "TrainerController.start_learning": {
            "total": 212.93153099999998,
            "count": 1,
            "self": 0.017837899999818774,
            "children": {
                "TrainerController._reset_env": {
                    "total": 160.107869,
                    "count": 1,
                    "self": 160.107869
                },
                "TrainerController.advance": {
                    "total": 49.01219930000016,
                    "count": 204,
                    "self": 0.003620700000197985,
                    "children": {
                        "env_step": {
                            "total": 49.008578599999964,
                            "count": 204,
                            "self": 48.66855219999954,
                            "children": {
                                "SubprocessEnvManager._take_step": {
                                    "total": 0.33661810000020864,
                                    "count": 204,
                                    "self": 0.007676299999957337,
                                    "children": {
                                        "TFPolicy.evaluate": {
                                            "total": 0.3289418000002513,
                                            "count": 204,
                                            "self": 0.3289418000002513
                                        }
                                    }
                                },
                                "workers": {
                                    "total": 0.0034083000002169683,
                                    "count": 203,
                                    "self": 0.0,
                                    "children": {
                                        "worker_root": {
                                            "total": 51.928467000000495,
                                            "count": 203,
                                            "is_parallel": true,
                                            "self": 3.8321091000005367,
                                            "children": {
                                                "steps_from_proto": {
                                                    "total": 0.005230900000015026,
                                                    "count": 1,
                                                    "is_parallel": true,
                                                    "self": 0.001545100000015509,
                                                    "children": {
                                                        "_process_vector_observation": {
                                                            "total": 0.0036857999999995172,
                                                            "count": 2,
                                                            "is_parallel": true,
                                                            "self": 0.0036857999999995172
                                                        }
                                                    }
                                                },
                                                "UnityEnvironment.step": {
                                                    "total": 48.09112699999994,
                                                    "count": 203,
                                                    "is_parallel": true,
                                                    "self": 0.023588500000045087,
                                                    "children": {
                                                        "UnityEnvironment._generate_step_input": {
                                                            "total": 0.06873819999992747,
                                                            "count": 203,
                                                            "is_parallel": true,
                                                            "self": 0.06873819999992747
                                                        },
                                                        "communicator.exchange": {
                                                            "total": 47.914772500000055,
                                                            "count": 203,
                                                            "is_parallel": true,
                                                            "self": 47.914772500000055
                                                        },
                                                        "steps_from_proto": {
                                                            "total": 0.08402779999991594,
                                                            "count": 203,
                                                            "is_parallel": true,
                                                            "self": 0.049219899999968675,
                                                            "children": {
                                                                "_process_vector_observation": {
                                                                    "total": 0.03480789999994727,
                                                                    "count": 406,
                                                                    "is_parallel": true,
                                                                    "self": 0.03480789999994727
                                                                }
                                                            }
                                                        }
                                                    }
                                                }
                                            }
                                        }
                                    }
                                }
                            }
                        }
                    }
                },
                "trainer_threads": {
                    "total": 2.4800000005598122e-05,
                    "count": 1,
                    "self": 2.4800000005598122e-05,
                    "children": {
                        "thread_root": {
                            "total": 0.0,
                            "count": 0,
                            "is_parallel": true,
                            "self": 0.0,
                            "children": {
                                "trainer_advance": {
                                    "total": 48.932084099999145,
                                    "count": 3093,
                                    "is_parallel": true,
                                    "self": 0.17096299999849407,
                                    "children": {
                                        "process_trajectory": {
                                            "total": 48.76112110000065,
                                            "count": 3093,
                                            "is_parallel": true,