{
    "name": "root",
    "metadata": {
        "timer_format_version": "0.1.0",
        "start_time_seconds": "1602855942",
        "python_version": "3.8.5 (default, Sep  3 2020, 21:29:08) [MSC v.1916 64 bit (AMD64)]",
        "command_line_arguments": "C:\\Users\\benit\\anaconda3\\envs\\ml-agent\\Scripts\\mlagents-learn PaintAgent.yaml --run-id=PA2",
        "mlagents_version": "0.20.0",
        "mlagents_envs_version": "0.20.0",
        "communication_protocol_version": "1.1.0",
        "tensorflow_version": "2.3.1",
        "numpy_version": "1.18.5",
        "end_time_seconds": "1602856023"
    },
    "total": 80.8641966,
    "count": 1,
    "self": 0.01150260000000003,
    "children": {
        "run_training.setup": {
            "total": 0.018816100000000002,
            "count": 1,
            "self": 0.018816100000000002
        },
        "TrainerController.start_learning": {
            "total": 80.8338779,
            "count": 1,
            "self": 0.017894400000002975,
            "children": {
                "TrainerController._reset_env": {
                    "total": 15.961233499999999,
                    "count": 1,
                    "self": 15.961233499999999
                },
                "TrainerController.advance": {
                    "total": 60.47338630000001,
                    "count": 254,
                    "self": 0.004212699999989411,
                    "children": {
                        "env_step": {
                            "total": 60.46917360000002,
                            "count": 254,
                            "self": 60.155373999999924,
                            "children": {
                                "SubprocessEnvManager._take_step": {
                                    "total": 0.30965539999997205,
                                    "count": 254,
                                    "self": 0.010101199999972721,
                                    "children": {
                                        "TFPolicy.evaluate": {
                                            "total": 0.2995541999999993,
                                            "count": 254,
                                            "self": 0.2995541999999993
                                        }
                                    }
                                },
                                "workers": {
                                    "total": 0.004144200000123277,
                                    "count": 253,
                                    "self": 0.0,
                                    "children": {
                                        "worker_root": {
                                            "total": 62.62317689999999,
                                            "count": 253,
                                            "is_parallel": true,
                                            "self": 3.1427375000000666,
                                            "children": {
                                                "steps_from_proto": {
                                                    "total": 0.0005494000000005883,
                                                    "count": 1,
                                                    "is_parallel": true,
                                                    "self": 0.0002363000000009663,
                                                    "children": {
                                                        "_process_vector_observation": {
                                                            "total": 0.000313099999999622,
                                                            "count": 2,
                                                            "is_parallel": true,
                                                            "self": 0.000313099999999622
                                                        }
                                                    }
                                                },
                                                "UnityEnvironment.step": {
                                                    "total": 59.479889999999926,
                                                    "count": 253,
                                                    "is_parallel": true,
                                                    "self": 0.02726819999973884,
                                                    "children": {
                                                        "UnityEnvironment._generate_step_input": {
                                                            "total": 0.0865256999999815,
                                                            "count": 253,
                                                            "is_parallel": true,
                                                            "self": 0.0865256999999815
                                                        },
                                                        "communicator.exchange": {
                                                            "total": 59.262529900000075,
                                                            "count": 253,
                                                            "is_parallel": true,
                                                            "self": 59.262529900000075
                                                        },
                                                        "steps_from_proto": {
                                                            "total": 0.1035662000001345,
                                                            "count": 253,
                                                            "is_parallel": true,
                                                            "self": 0.060873000000107425,
                                                            "children": {
                                                                "_process_vector_observation": {
                                                                    "total": 0.042693200000027076,
                                                                    "count": 506,
                                                                    "is_parallel": true,
                                                                    "self": 0.042693200000027076
                                                                }
                                                            }
                                                        }
                                                    }
                                                }
                                            }
                                        }
                                    }
                                }
                            }
                        }
                    }
                },
                "trainer_threads": {
                    "total": 3.759999999886077e-05,
                    "count": 1,
                    "self": 3.759999999886077e-05,
                    "children": {
                        "thread_root": {
                            "total": 0.0,
                            "count": 0,
                            "is_parallel": true,
                            "self": 0.0,
                            "children": {
                                "trainer_advance": {
                                    "total": 60.37206830000029,
                                    "count": 3821,
                                    "is_parallel": true,
                                    "self": 0.21854520000046307,
                                    "children": {
                                        "process_trajectory": {
                                            "total": 60.15352309999982,
                                            "count": 3821,
                                            "is_parallel": true,